step,demo_index,cfg_scale,control_scale,variant,row_type,variant_a,variant_b,control_input_rms,control_input_mean_abs,control_input_zero_ratio,forward_delta_rms,forward_delta_mean_abs,forward_delta_zero_ratio,forward_delta_frame_active_ratio,forward_delta_cosine,forward_delta_relative_l2_difference,audio_rms,audio_peak,audio_silence_ratio,low_band_ratio,mid_band_ratio,high_band_ratio,low_mid_band_ratio,spectral_centroid_hz,warning
1,0,3.0,1.0,correct,variant,,,,,,,,,,,,1.1771048307418823,2.2582321166992188,0.0,0.0,0.0,1.0,0.0,15153.925208126304,
1,1,3.0,1.0,correct,variant,,,,,,,,,,,,0.9151517152786255,1.5004868507385254,0.0,1.5024260595000217e-14,0.0,1.0,1.5024260595000217e-14,15372.792816341593,
1,0,3.0,0.0,correct,variant,,,,,,,,,,,,1.015156626701355,1.7472761869430542,0.0,0.0,0.0,1.0,0.0,16799.849207880015,
1,0,3.0,0.0,zero,variant,,,,,,,,,,,,1.015156626701355,1.7472761869430542,0.0,0.0,0.0,1.0,0.0,16799.849207880015,
1,0,3.0,0.0,null,variant,,,,,,,,,,,,1.015156626701355,1.7472761869430542,0.0,0.0,0.0,1.0,0.0,16799.849207880015,
1,0,3.0,0.3,correct,variant,,,,,,,,,,,,1.015156626701355,1.7472761869430542,0.0,0.0,0.0,1.0,0.0,16799.849207880015,
1,0,3.0,0.3,zero,variant,,,,,,,,,,,,1.015156626701355,1.7472761869430542,0.0,0.0,0.0,1.0,0.0,16799.849207880015,
1,0,3.0,0.3,null,variant,,,,,,,,,,,,1.015156626701355,1.7472761869430542,0.0,0.0,0.0,1.0,0.0,16799.849207880015,
1,0,3.0,1.0,correct,variant,,,,,,,,,,,,1.1462743282318115,1.314335584640503,0.0,3.0374529932373332e-15,0.0,1.0,3.0374529932373332e-15,11056.75918793035,
1,1,3.0,1.0,correct,variant,,,,,,,,,,,,0.8669545650482178,1.3123481273651123,0.0,7.408014147631538e-15,0.0,1.0,7.408014147631538e-15,15796.230316600811,
1,0,3.0,1.0,correct,variant,,,,,,,,,,,,0.6483075022697449,1.0649166107177734,0.0,1.0757405404725696e-15,0.0,1.0,1.0757405404725696e-15,21986.582812030865,
1,1,3.0,1.0,correct,variant,,,,,,,,,,,,0.49326974153518677,0.802558958530426,0.0,1.2437996364755182e-14,0.0,1.0,1.2437996364755182e-14,12705.218915466194,
1,0,3.0,1.0,correct,variant,,,,,,,,,,,,1.1696181297302246,2.4616894721984863,0.0,1.5277166203370842e-14,0.0,1.0,1.5277166203370842e-14,18050.569276492883,
1,1,3.0,1.0,correct,variant,,,,,,,,,,,,0.9232585430145264,1.9521441459655762,0.0,2.068994678272747e-16,0.0,1.0,2.068994678272747e-16,16520.605856625898,
1,0,3.0,0.0,correct,variant,,,,,,,,,,,,0.6215075850486755,0.9844211339950562,0.0,0.0,0.0,1.0,0.0,17719.121090964738,
1,0,3.0,0.0,zero,variant,,,,,,,,,,,,0.6215075850486755,0.9844211339950562,0.0,0.0,0.0,1.0,0.0,17719.121090964738,
1,0,3.0,0.0,null,variant,,,,,,,,,,,,0.6215075850486755,0.9844211339950562,0.0,0.0,0.0,1.0,0.0,17719.121090964738,
1,0,3.0,0.3,correct,variant,,,,,,,,,,,,0.6215075850486755,0.9844211339950562,0.0,0.0,0.0,1.0,0.0,17719.121090964738,
1,0,3.0,0.3,zero,variant,,,,,,,,,,,,0.6215075850486755,0.9844211339950562,0.0,0.0,0.0,1.0,0.0,17719.121090964738,
1,0,3.0,0.3,null,variant,,,,,,,,,,,,0.6215075850486755,0.9844211339950562,0.0,0.0,0.0,1.0,0.0,17719.121090964738,
1,0,3.0,1.0,correct,variant,,,,,,,,,,,,0.43910256028175354,0.6591100692749023,0.0,1.1494501346331384e-14,0.0,1.0,1.1494501346331384e-14,20848.057537623987,
1,1,3.0,1.0,correct,variant,,,,,,,,,,,,2.0047061443328857,3.344200372695923,0.0,1.2644740184286254e-15,0.0,1.0,1.2644740184286254e-15,17305.069373143,
1,0,3.0,1.0,correct,variant,,,,,,,,,,,,0.6148625612258911,1.1281676292419434,0.0,2.8192692335574562e-14,0.0,1.0,2.8192692335574562e-14,17975.56347396299,
1,1,3.0,1.0,correct,variant,,,,,,,,,,,,0.7218286395072937,1.049460768699646,0.0,0.0,0.0,1.0,0.0,19951.852965473314,
1,0,3.0,1.0,correct,variant,,,,,,,,,,,,1.5987907648086548,3.126260995864868,0.0,3.0870309132829967e-16,0.0,1.0,3.0870309132829967e-16,11427.354187771818,
1,1,3.0,1.0,correct,variant,,,,,,,,,,,,0.7582119107246399,1.5299146175384521,0.0,4.8455151989863476e-14,0.0,1.0,4.8455151989863476e-14,11218.95734625924,
1,0,3.0,0.0,correct,variant,,,,,,,,,,,,1.0467449426651,1.5051052570343018,0.0,6.352919917174466e-16,0.0,1.0,6.352919917174466e-16,14596.99249774361,
1,0,3.0,0.0,zero,variant,,,,,,,,,,,,1.0467449426651,1.5051052570343018,0.0,6.352919917174466e-16,0.0,1.0,6.352919917174466e-16,14596.99249774361,
1,0,3.0,0.0,null,variant,,,,,,,,,,,,1.0467449426651,1.5051052570343018,0.0,6.352919917174466e-16,0.0,1.0,6.352919917174466e-16,14596.99249774361,
1,0,3.0,0.3,correct,variant,,,,,,,,,,,,1.0467449426651,1.5051052570343018,0.0,6.352919917174466e-16,0.0,1.0,6.352919917174466e-16,14596.99249774361,
1,0,3.0,0.3,zero,variant,,,,,,,,,,,,1.0467449426651,1.5051052570343018,0.0,6.352919917174466e-16,0.0,1.0,6.352919917174466e-16,14596.99249774361,
1,0,3.0,0.3,null,variant,,,,,,,,,,,,1.0467449426651,1.5051052570343018,0.0,6.352919917174466e-16,0.0,1.0,6.352919917174466e-16,14596.99249774361,
1,0,3.0,1.0,correct,variant,,,,,,,,,,,,0.3489809036254883,0.5406982898712158,0.0,3.1925890747362074e-14,0.0,1.0,3.1925890747362074e-14,11624.264840930517,
1,1,3.0,1.0,correct,variant,,,,,,,,,,,,0.7898241281509399,1.30784010887146,0.0,0.0,0.0,1.0,0.0,19510.108735785903,
1,0,3.0,1.0,correct,variant,,,,,,,,,,,,0.45318254828453064,0.7097591161727905,0.0,3.119003569379058e-15,0.0,1.0,3.119003569379058e-15,14340.431188526143,
1,1,3.0,1.0,correct,variant,,,,,,,,,,,,0.6186302900314331,1.0431493520736694,0.0,0.0,0.0,1.0,0.0,13350.751904980783,
1,0,3.0,1.0,correct,variant,,,,,,,,,,,,0.9289806485176086,1.206908106803894,0.0,7.916918780787324e-16,0.0,1.0,7.916918780787324e-16,17068.260795498016,
1,1,3.0,1.0,correct,variant,,,,,,,,,,,,1.0269999504089355,1.723828911781311,0.0,0.0,0.0,1.0,0.0,10146.185119367226,
1,0,3.0,0.0,correct,variant,,,,,,,,,,,,0.6464284658432007,1.245766520500183,0.0,4.512276430748815e-16,0.0,1.0,4.512276430748815e-16,12479.748307028913,
1,0,3.0,0.0,zero,variant,,,,,,,,,,,,0.6464284658432007,1.245766520500183,0.0,4.512276430748815e-16,0.0,1.0,4.512276430748815e-16,12479.748307028913,
1,0,3.0,0.0,null,variant,,,,,,,,,,,,0.6464284658432007,1.245766520500183,0.0,4.512276430748815e-16,0.0,1.0,4.512276430748815e-16,12479.748307028913,
1,0,3.0,0.3,correct,variant,,,,,,,,,,,,0.6464284658432007,1.245766520500183,0.0,4.512276430748815e-16,0.0,1.0,4.512276430748815e-16,12479.748307028913,
1,0,3.0,0.3,zero,variant,,,,,,,,,,,,0.6464284658432007,1.245766520500183,0.0,4.512276430748815e-16,0.0,1.0,4.512276430748815e-16,12479.748307028913,
1,0,3.0,0.3,null,variant,,,,,,,,,,,,0.6464284658432007,1.245766520500183,0.0,4.512276430748815e-16,0.0,1.0,4.512276430748815e-16,12479.748307028913,
1,0,3.0,1.0,correct,variant,,,,,,,,,,,,1.0619827508926392,1.7217133045196533,0.0,4.01541345736338e-15,0.0,1.0,4.01541345736338e-15,19021.528325658608,
1,1,3.0,1.0,correct,variant,,,,,,,,,,,,0.7205681204795837,1.2443394660949707,0.0,1.0002808417914074e-14,0.0,1.0,1.0002808417914074e-14,16957.769437458035,
1,0,3.0,1.0,correct,variant,,,,,,,,,,,,0.919267475605011,1.438550591468811,0.0,1.4947692426139453e-14,0.0,1.0,1.4947692426139453e-14,8953.200160524704,
1,1,3.0,1.0,correct,variant,,,,,,,,,,,,0.8618937730789185,1.3971461057662964,0.0,1.484916868584027e-14,0.0,1.0,1.484916868584027e-14,17340.56061059209,
1,0,3.0,1.0,correct,variant,,,,,,,,,,,,0.5920906662940979,0.9677914381027222,0.0,0.0,0.0,1.0,0.0,12111.828531911868,
1,1,3.0,1.0,correct,variant,,,,,,,,,,,,1.2579535245895386,2.17594575881958,0.0,5.344065530297605e-15,0.0,1.0,5.344065530297605e-15,19974.48525336652,
1,0,3.0,0.0,correct,variant,,,,,,,,,,,,1.0327026844024658,1.8764312267303467,0.0,6.832376887571066e-15,0.0,1.0,6.832376887571066e-15,22162.564305767683,
1,0,3.0,0.0,zero,variant,,,,,,,,,,,,1.0327026844024658,1.8764312267303467,0.0,6.832376887571066e-15,0.0,1.0,6.832376887571066e-15,22162.564305767683,
1,0,3.0,0.0,null,variant,,,,,,,,,,,,1.0327026844024658,1.8764312267303467,0.0,6.832376887571066e-15,0.0,1.0,6.832376887571066e-15,22162.564305767683,
1,0,3.0,0.3,correct,variant,,,,,,,,,,,,1.0327026844024658,1.8764312267303467,0.0,6.832376887571066e-15,0.0,1.0,6.832376887571066e-15,22162.564305767683,
1,0,3.0,0.3,zero,variant,,,,,,,,,,,,1.0327026844024658,1.8764312267303467,0.0,6.832376887571066e-15,0.0,1.0,6.832376887571066e-15,22162.564305767683,
1,0,3.0,0.3,null,variant,,,,,,,,,,,,1.0327026844024658,1.8764312267303467,0.0,6.832376887571066e-15,0.0,1.0,6.832376887571066e-15,22162.564305767683,
1,0,3.0,1.0,correct,variant,,,,,,,,,,,,0.2728532552719116,0.4681793451309204,0.0,4.5363838169196235e-15,0.0,1.0,4.5363838169196235e-15,16306.029357857935,
1,1,3.0,1.0,correct,variant,,,,,,,,,,,,0.6995930671691895,0.9581801891326904,0.0,9.009447994140843e-16,0.0,1.0,9.009447994140843e-16,11180.877266357116,
1,0,3.0,1.0,correct,variant,,,,,,,,,,,,1.1262234449386597,1.805681824684143,0.0,2.4750138492556072e-15,0.0,1.0,2.4750138492556072e-15,12915.002285389213,
1,1,3.0,1.0,correct,variant,,,,,,,,,,,,1.228888988494873,2.109715700149536,0.0,4.904262174012983e-16,0.0,1.0,4.904262174012983e-16,14626.481221628257,
1,0,3.0,1.0,correct,variant,,,,,,,,,,,,0.7478833794593811,1.3555879592895508,0.0,3.404589228300464e-16,0.0,1.0,3.404589228300464e-16,13886.845966908875,
1,1,3.0,1.0,correct,variant,,,,,,,,,,,,1.1024394035339355,1.710601568222046,0.0,0.0,0.0,1.0,0.0,14845.353043497355,
1,0,3.0,0.0,correct,variant,,,,,,,,,,,,1.231107473373413,2.155207633972168,0.0,4.943513953713457e-15,0.0,1.0,4.943513953713457e-15,22230.13065667889,
1,0,3.0,0.0,zero,variant,,,,,,,,,,,,1.231107473373413,2.155207633972168,0.0,4.943513953713457e-15,0.0,1.0,4.943513953713457e-15,22230.13065667889,
1,0,3.0,0.0,null,variant,,,,,,,,,,,,1.231107473373413,2.155207633972168,0.0,4.943513953713457e-15,0.0,1.0,4.943513953713457e-15,22230.13065667889,
1,0,3.0,0.3,correct,variant,,,,,,,,,,,,1.231107473373413,2.155207633972168,0.0,4.943513953713457e-15,0.0,1.0,4.943513953713457e-15,22230.13065667889,
1,0,3.0,0.3,zero,variant,,,,,,,,,,,,1.231107473373413,2.155207633972168,0.0,4.943513953713457e-15,0.0,1.0,4.943513953713457e-15,22230.13065667889,
1,0,3.0,0.3,null,variant,,,,,,,,,,,,1.231107473373413,2.155207633972168,0.0,4.943513953713457e-15,0.0,1.0,4.943513953713457e-15,22230.13065667889,
1,0,3.0,1.0,correct,variant,,,,,,,,,,,,0.4314731955528259,0.7165855169296265,0.0,1.3316479427456749e-14,0.0,1.0,1.3316479427456749e-14,19397.934369667244,
1,1,3.0,1.0,correct,variant,,,,,,,,,,,,0.47038450837135315,0.6893686056137085,0.0,0.0,0.0,1.0,0.0,11508.371010739118,
1,0,3.0,1.0,correct,variant,,,,,,,,,,,,0.7352084517478943,1.0580487251281738,0.0,0.0,0.0,1.0,0.0,17960.346559334652,
1,1,3.0,1.0,correct,variant,,,,,,,,,,,,0.8598348498344421,1.6260100603103638,0.0,1.708345758728454e-14,0.0,1.0,1.708345758728454e-14,10914.520514745229,
1,0,3.0,1.0,correct,variant,,,,,,,,,,,,1.273819088935852,2.5889780521392822,0.0,1.4236505722149385e-15,0.0,1.0,1.4236505722149385e-15,18107.788695127205,
1,1,3.0,1.0,correct,variant,,,,,,,,,,,,0.6909087896347046,1.4285202026367188,0.0,0.0,0.0,1.0,0.0,19534.6424258948,
1,0,3.0,0.0,correct,variant,,,,,,,,,,,,0.6244297623634338,1.0597858428955078,0.0,2.4777059421913728e-14,0.0,1.0,2.4777059421913728e-14,14748.756257323357,
1,0,3.0,0.0,zero,variant,,,,,,,,,,,,0.6244297623634338,1.0597858428955078,0.0,2.4777059421913728e-14,0.0,1.0,2.4777059421913728e-14,14748.756257323357,
1,0,3.0,0.0,null,variant,,,,,,,,,,,,0.6244297623634338,1.0597858428955078,0.0,2.4777059421913728e-14,0.0,1.0,2.4777059421913728e-14,14748.756257323357,
1,0,3.0,0.3,correct,variant,,,,,,,,,,,,0.6244297623634338,1.0597858428955078,0.0,2.4777059421913728e-14,0.0,1.0,2.4777059421913728e-14,14748.756257323357,
1,0,3.0,0.3,zero,variant,,,,,,,,,,,,0.6244297623634338,1.0597858428955078,0.0,2.4777059421913728e-14,0.0,1.0,2.4777059421913728e-14,14748.756257323357,
1,0,3.0,0.3,null,variant,,,,,,,,,,,,0.6244297623634338,1.0597858428955078,0.0,2.4777059421913728e-14,0.0,1.0,2.4777059421913728e-14,14748.756257323357,
1,0,3.0,1.0,correct,variant,,,,,,,,,,,,0.7934888005256653,1.2661373615264893,0.0,1.6604284210932474e-15,0.0,1.0,1.6604284210932474e-15,20097.82584577471,
1,1,3.0,1.0,correct,variant,,,,,,,,,,,,1.8439222574234009,3.164942502975464,0.0,1.4269099994319288e-15,0.0,1.0,1.4269099994319288e-15,18019.325261673945,
1,0,3.0,1.0,correct,variant,,,,,,,,,,,,1.2044706344604492,1.4027409553527832,0.0,7.27733010869245e-15,0.0,1.0,7.27733010869245e-15,17183.61280588197,
1,1,3.0,1.0,correct,variant,,,,,,,,,,,,0.8832213878631592,1.442542314529419,0.0,1.6185408626745396e-14,0.0,1.0,1.6185408626745396e-14,15249.898094180875,
1,0,3.0,1.0,correct,variant,,,,,,,,,,,,0.9070231318473816,1.1405713558197021,0.0,1.8902722956157057e-14,0.0,1.0,1.8902722956157057e-14,13941.965242873779,
1,1,3.0,1.0,correct,variant,,,,,,,,,,,,0.6155166029930115,0.8569835424423218,0.0,5.812863599155571e-14,0.0,1.0,5.812863599155571e-14,15236.985125581768,
1,0,3.0,0.0,correct,variant,,,,,,,,,,,,0.7749821543693542,1.3373363018035889,0.0,3.7721097243606785e-15,0.0,1.0,3.7721097243606785e-15,18453.84891675476,
1,0,3.0,0.0,zero,variant,,,,,,,,,,,,0.7749821543693542,1.3373363018035889,0.0,3.7721097243606785e-15,0.0,1.0,3.7721097243606785e-15,18453.84891675476,
1,0,3.0,0.0,null,variant,,,,,,,,,,,,0.7749821543693542,1.3373363018035889,0.0,3.7721097243606785e-15,0.0,1.0,3.7721097243606785e-15,18453.84891675476,
1,0,3.0,0.3,correct,variant,,,,,,,,,,,,0.7749821543693542,1.3373363018035889,0.0,3.7721097243606785e-15,0.0,1.0,3.7721097243606785e-15,18453.84891675476,
1,0,3.0,0.3,zero,variant,,,,,,,,,,,,0.7749821543693542,1.3373363018035889,0.0,3.7721097243606785e-15,0.0,1.0,3.7721097243606785e-15,18453.84891675476,
1,0,3.0,0.3,null,variant,,,,,,,,,,,,0.7749821543693542,1.3373363018035889,0.0,3.7721097243606785e-15,0.0,1.0,3.7721097243606785e-15,18453.84891675476,
1,0,3.0,1.0,correct,variant,,,,,,,,,,,,0.5353453755378723,0.7923600077629089,0.0,8.625423680122237e-16,0.0,1.0,8.625423680122237e-16,20800.97859000941,
1,1,3.0,1.0,correct,variant,,,,,,,,,,,,1.1197386980056763,1.6575562953948975,0.0,1.3331537915381621e-15,0.0,1.0,1.3331537915381621e-15,12326.24759156353,
1,0,3.0,1.0,correct,variant,,,,,,,,,,,,0.5957086682319641,1.0511300563812256,0.0,1.1047236432476528e-14,0.0,1.0,1.1047236432476528e-14,18557.370283879693,
1,1,3.0,1.0,correct,variant,,,,,,,,,,,,0.8125297427177429,1.1272778511047363,0.0,0.0,0.0,1.0,0.0,18427.130399824382,
